# part	archive	file in the archive
d33217ck	https://km-ap.asus.com/uploads/AttachLibrarys/6f8f27cc-7dcd-49f2-9cb0-f21cc0405d38/20231129150134852_D33217CKSTEP.ZIP	D33217CK.STEP
d33217gke	https://km-ap.asus.com/uploads/AttachLibrarys/6f8f27cc-7dcd-49f2-9cb0-f21cc0405d38/20231129145542778_D33217GKEDCP847SKESTEP.ZIP	D33217GKE-DCP847SKE.STEP
d53427rke	https://km-ap.asus.com/uploads/AttachLibrarys/6f8f27cc-7dcd-49f2-9cb0-f21cc0405d38/20231129145830700_D53427RKESTEP.ZIP	D53427RKE.STEP
de3815tybe	https://km-ap.asus.com/uploads/AttachLibrarys/6f8f27cc-7dcd-49f2-9cb0-f21cc0405d38/20231129145204512_DE3815TYBESTEP.ZIP	DE3815TYBE.STEP
nuc5myb	https://km-ap.asus.com/uploads/AttachLibrarys/6f8f27cc-7dcd-49f2-9cb0-f21cc0405d38/20231129144529204_NUC5i3MYBENUC5i5MYBESTEP1.ZIP	NUC5i3MYBE-NUC5i5MYBE.STEP
nuc7i3dnb	https://kmpic.asus.com/images/nuc/NUC7i3DN-STEP.zip	NUC7i3DN 01.stp
nuc7i5dnb	https://km-ap.asus.com/uploads/AttachLibrarys/6f8f27cc-7dcd-49f2-9cb0-f21cc0405d38/20231129144100620_NUC7i5DNSTEP.zip	NUC7i5DN.STEP
nuc8cchb	https://kmpic.asus.com/images/nuc/NUC8CCHB_STEP.zip	NUC_CH_Board_19WW36.STEP
nuc8pnb	https://kmpic.asus.com/images/nuc/NUC8PNB_STEP.zip	NUC8PNB_STEP.stp
nuc9qnb	https://kmpic.asus.com/images/nuc/NUC9QNB_STEP.zip	NUC_QN-GN_Full Module_19WW50.STEP
nuc11tnb	https://kmpic.asus.com/images/nuc/NUC11TNB_STEP.zip	NUC11TNB.stp
nuc11tnb-dual-lan	https://kmpic.asus.com/images/nuc/NUC11TNB_Dual_LAN_STEP.zip	NUC11TNB_Dual_LAN.stp
nuc11tnbz	https://kmpic.asus.com/images/nuc/NUC11TNBZ_STP.zip	NUC11TNBZ.STP
nuc12wsb	https://kmpic.asus.com/images/nuc/NUC12WSB_STEP.zip	NUC12WSB.STEP
nuc12wsb-dual-lan	https://kmpic.asus.com/images/nuc/NUC12WSB_Dual_LAN_STEP.zip	NUC12WSB_Dual_LAN.STEP
nuc12wsbz	https://kmpic.asus.com/images/nuc/NUC12WSBZ_STEP.zip	NUC12WSBZ.STEP
nuc13anb	https://kmpic.asus.com/images/nuc/NUC13ANB_NUC13LCB_STP.zip	NUC13ANB_NUC13LCB.STP
nuc14mnb	https://km-ap.asus.com/uploads/AttachLibrarys/cf9c6bc8-540f-46ad-b7ad-d102c232e70c/20250523165340491_NUC14MN_PCBA_STEP.zip	MN_MB_20240821.stp
nuc14rvb	https://km-ap.asus.com/uploads/AttachLibrarys/cf9c6bc8-540f-46ad-b7ad-d102c232e70c/20250523165337880_NUC14RVB_PCBA_STEP.zip	NUC14RVB_ board only.stp
nuc14rvb-thermal	https://km-ap.asus.com/uploads/AttachLibrarys/cf9c6bc8-540f-46ad-b7ad-d102c232e70c/20250523165339835_NUC14RVB_PCBA_Thermal_Module_STEP.zip	nuc14rvb__board_W Thermal Module.stp
nuc15crb	https://km-ap.asus.com/uploads/AttachLibrarys/cf9c6bc8-540f-46ad-b7ad-d102c232e70c/20250523165339516_NUC15CRB_PCBA_STEP.zip	NUC15CRB_PCBA_STEP.stp
